04;14000148;02;1;4,53
04;14000159;02;2;11,4
04;14000159;26;1;11,4
04;14000160;02;2;12,48
04;14000160;26;1;12,48
04;14000163;02;1;8,9867
04;14000163;26;1;8,9867
04;14000177;01;42;3,215
04;14000177;02;600;3,215
04;14000177;26;1;3,215
04;14000206;02;17;58,6719
04;14000206;11;1;58,6718
04;14000206;26;1;58,6719
04;14000215;01;21;35,2511
04;14000215;02;130;35,2699
04;14000215;26;1;35,2699
04;14000225;26;1;11,744
04;14000243;02;34;28,5219
04;14000243;26;1;28,5219
04;14000262;02;2;24
04;14000262;26;1;24
04;14000270;01;1;4,1554
04;14000270;26;1;4,1554
04;14000271;02;58;49,7333
04;14000271;11;1;49,7333
04;14000271;26;1;49,7333
04;14000273;01;1;2,1049
04;14000273;11;1;2,1049
04;14000273;26;1;2,1049
04;14000276;02;19;25,3077
04;14000276;26;1;25,3077
04;14000289;01;5;4,401
04;14000289;26;1;4,401
04;14000289;50;70;4,401
04;14000291;01;1;2,4324
04;14000291;26;1;2,4324
04;14000292;01;8;6,2116
04;14000292;26;1;6,2116
04;14000292;50;25;6,2116
04;14000293;01;278;9,6416
04;14000293;26;1;9,6416
04;14000300;01;4;24,4257
04;14000300;02;100;24,4257
04;14000300;26;1;24,4257
04;14000301;01;3;24,5802
04;14000301;02;50;24,5802
04;14000301;26;1;24,5802
04;14000302;01;4;14,6588
04;14000302;26;1;14,6588
04;14000303;01;3;18,3912
04;14000303;02;90;18,3912
04;14000303;26;1;18,3912
04;14000304;01;8;18,4018
04;14000304;02;30;18,4018
04;14000304;26;1;18,4018
04;14000305;01;10;24,681
04;14000305;02;160;24,681
04;14000305;26;1;24,681
04;14000306;01;6;5,2026
04;14000306;26;1;5,2026
04;14000311;01;1001;4,9829
04;14000311;26;1;4,9829
04;14000312;01;17;7,9495
04;14000312;26;1;7,9494
04;14000313;11;9;1,1895
04;14000313;24;1;1,1932
04;14000314;01;232;3,0128
04;14000314;26;1;3,0253
04;14000316;02;300;3,51
04;14000317;01;61;3,4845
04;14000317;26;1;3,4851
04;14000318;01;1;11,216
04;14000318;02;1160;11,216
04;14000319;01;31;8,0864
04;14000319;02;1500;9,8269
04;14000320;02;1000;11,216
04;15000010;02;263;22,3904
04;15000010;24;2;22,3904
04;15000010;26;1;22,3904
04;15000011;02;28;17,1707
04;15000011;26;1;17,1707
04;15000012;02;694;3,23
04;15000012;26;1;3,23
04;15000013;02;296;0,6
04;15000013;26;1;0,6
04;15000014;01;8;63,4418
04;15000014;02;30;63,4418
04;15000014;26;1;63,4418
04;15000015;01;11;12,7837
04;15000015;02;40;12,7837
04;15000015;26;1;12,7837
04;15000016;01;4;4,51
04;15000016;02;178;4,51
04;15000016;26;1;4,51
04;15000018;02;20;37,4833
04;15000018;26;1;37,4833
04;15000124;01;22;10,2866
04;15000124;26;1;10,2866
04;15000125;01;22;12,1867
04;15000125;26;1;12,1867
04;15000126;01;5;16,1379
04;15000126;02;40;16,1379
04;15000126;26;1;16,1379
04;15000127;02;60;19,8004
04;15000127;24;1;19,8004
04;15000127;26;1;19,8004
04;15000128;01;3;19,798
04;15000128;02;45;19,798
04;15000129;01;5;37,3466
04;15000129;02;66;37,3466
04;16000001;02;2;168,96
04;16000001;26;1;168,96
04;16000002;02;41;1,88
04;16000003;02;22;3,13
04;16000004;02;21;2,96
04;16000005;02;65;1,63
04;16000009;02;22;19,66
04;16000010;02;70;1,75
04;16000011;02;5;15,04
04;16000012;02;5;32,58
04;16000014;02;2;78,2
04;16000015;02;28;2,44
04;16000016;02;1;4,08
04;16000017;02;42;3,86
04;16000018;02;111;2,12
04;16000022;02;14;25,58
04;16000023;02;56;2,29
04;16000025;02;4;42,36
04;16000028;02;9;233,92
04;16000036;02;3;76,17
04;16000039;02;19;2
04;16000041;02;36;13,6
04;16000042;02;39;21,78
04;16000043;02;22;1,913
04;16000045;02;22;29,6988
04;16000045;26;1;29,6988
04;16000046;02;16;48,745
04;16000047;02;12;55,525
04;16000048;02;3;65,136
04;16000049;02;121;7,7
04;16000050;02;65;9,29
04;16000051;02;102;8
04;16000053;02;19;104,04
04;16000053;26;1;104,04
04;16000054;02;80;12,48
04;16000055;02;108;20,23
04;16000056;02;74;21,9128
04;16000056;26;1;21,9128
04;16000058;02;2;2
04;16000059;02;4;2
04;16000060;02;4;32,82
04;16000081;02;3;3,8367
04;16000082;02;1;6,83
04;16000083;02;1;2,84
04;16000097;02;12;2
04;16000098;02;12;2
04;16000099;02;13;2
04;16000100;02;63;2
04;29000001;02;15;122,0624
04;29000005;02;6;183,1167
04;36000043;02;32;21,52
04;36000043;26;1;21,52
04;36000054;02;86;4,24
04;36000054;26;1;4,24
04;36000055;02;67;5,08
04;36000055;26;1;5,08
04;36000056;02;12;6
04;36000056;26;1;6
04;36000108;02;439;11,385
04;36000108;26;1;11,385
04;36000198;01;4;42,5834
04;36000198;02;67;42,5833
04;36000198;24;2;42,5833
04;36000198;26;1;42,5833
04;36000200;02;20;5,01
04;36000201;02;23;6,74
04;36000203;02;8;2
04;36000204;02;1;18,49
04;36000205;02;9;22,03
04;36000207;02;3;38,88
04;36000208;02;5;2
04;36000209;02;6;2
04;36000210;02;3;83,38
04;36000211;02;27;2
04;36000212;02;3;217,49
04;36000212;26;1;217,49
04;36000213;02;3;2,33
04;36000214;02;9;2,57
04;36000215;02;8;2,7
04;36000216;02;5;2,81
04;36000217;02;7;3,02
04;36000218;02;8;5,44
04;36000220;02;3;7,56
04;36000221;02;1;2
04;36000222;02;6;10,37
04;36000225;02;3;2
04;36000272;02;9;4,1
04;36000352;02;87;2,49
04;36000353;02;76;3,19
04;36000414;02;243;6,2349
04;36000414;26;1;6,2349
04;36001100;02;288;1,3466
04;36001103;01;20;3,4958
04;36001103;02;300;3,4958
04;36001103;26;1;3,4958
04;36001108;02;7;379,3496
04;36001108;26;1;379,3496
04;36001109;02;1;409,633
04;36001109;26;1;409,633
04;37000037;02;193;16,1676
04;37000038;02;139;16,1352
04;38000003;01;16;1,9099
04;38000004;01;447,65;6,2611
04;38000008;01;9,71;1
04;38000009;01;90,2;53,001
04;38000011;01;118,65;93,8808
04;38000014;01;45;13,1194
04;38000017;01;309,8;17,5031
04;38000021;01;159;43,6173
04;38000024;01;2820;1,2608
04;38000025;02;55296;1,5252
04;38000027;01;1,43;99,3636
04;38000029;01;252;77,0826
04;38000030;01;196;87,1843
04;38000034;01;1997;1,3129
04;38000034;02;7128;1,3129
04;38000039;01;426;1,116
04;38000039;24;270;1,116
04;38000051;01;61;145,0607
04;38000053;01;42,8;311,7451
04;38000054;01;179,62;378,9978
04;38000062;01;68,18;612,7948
04;38000063;01;93,59;114,0411
04;38000064;01;121,09;79,2402
04;38000065;01;8,07;86,0671
04;38000066;01;21,5;118,1116
04;38000081;01;23,8;8,0141
04;38000082;01;114;1
04;38000085;01;39,3;36,9601
04;38000086;01;25,2;19,3599
04;38000087;01;4;1
04;38000088;01;109,41;103,3104
04;38000089;01;538,4;14,6224
04;38000090;01;6;1
04;38000107;01;16;1
04;38000108;01;17,4;1
04;38000109;01;17,85;1
04;38000110;01;19,8;1
04;39000013;24;15;6,09
04;39000016;26;14;7,95
04;39000016;50;252;7,95
04;39000017;01;40;11,385
04;39000017;24;13;11,385
04;39000017;26;20;17,705
04;39000017;50;1500;11,3007
04;39000018;26;20;21,9714
04;39000018;50;1160;18,5333
04;39000020;26;20;23,0849
04;39000020;50;420;18,0015
04;39000021;24;1;20,918
04;39000021;26;18;20,918
04;39000021;50;2700;20,918
04;39000022;01;12;15,5003
04;39000022;26;20;17,8947
04;39000022;50;1180;16,5665
04;39000023;26;20;15,8361
04;39000023;50;1200;15,8362
04;39000024;24;15;17,8492
04;39000024;26;17;17,8492
04;39000024;50;1581;17,8492
04;39000025;26;18;20,9611
04;39000025;50;828;20,9611
04;39000029;01;6;11,3897
04;39000029;24;3;11,3897
04;39000029;50;4760;11,3897
04;39000030;01;7;11,5673
04;39000030;24;1;11,5673
04;39000030;50;3740;11,5673
04;39000031;01;4;30,5906
04;39000031;02;55;30,5906
04;39000031;26;1;30,5906
04;39000034;01;4;25,2524
04;39000034;02;65;26,8122
04;39000034;24;2;26,8122
04;39000034;26;1;26,8122
04;39000035;01;10;16,9796
04;39000035;02;50;16,9796
04;39000035;26;1;16,9796
04;39000036;01;5;30,1356
04;39000036;02;75;30,1356
04;39000036;24;3;30,1356
04;39000036;26;1;30,1356
04;39000037;01;4;27,385
04;39000037;02;39;27,385
04;39000037;26;1;27,385
04;39000039;24;1;13,61
04;39000040;01;7;25,9243
04;39000040;02;90;25,9243
04;39000040;26;1;25,9243
04;39000041;24;7;6,64
04;39000041;26;20;6,64
04;39000041;50;1760;6,64
04;39000049;24;9;5,67
04;39000052;26;5;4,4336
04;39000052;50;1287;4,4336
04;39000053;24;7;6,1032
04;39000053;26;20;6,1032
04;39000053;50;140;6,1032
04;39000054;50;8;6,1031
04;39000055;01;8;11,0428
04;39000055;26;18;11,0427
04;39000055;50;4392;11,0428
04;39000056;24;2;10,6258
04;39000056;26;20;10,6258
04;39000056;50;5280;10,6258
04;39000057;24;19;11,4846
04;39000057;26;18;11,4846
04;39000057;50;936;11,4846
04;39000058;26;25;12,3121
04;39000058;50;2025;12,3121
04;39000061;26;18;14,3109
04;39000061;50;3636;14,311
04;39000062;01;18;15,6557
04;39000062;26;18;15,6557
04;39000062;50;1044;15,6557
04;39000070;24;14;9,4313
04;39000071;26;20;8,8894
04;39000071;50;280;8,8894
04;39000072;01;36;11,8421
04;39000072;02;288;11,8421
04;39000073;02;725;11,3551
04;39000074;26;20;11,9715
04;39000074;50;740;11,9715
04;39000075;26;20;12,7999
04;39000075;50;1100;12,7999
04;39000080;01;597,5;9,5015
04;39000080;02;3000;9,5014
04;39000081;01;63;9,3985
04;39000081;02;2200;9,3983
04;39000081;50;500;9,3983
04;39000082;01;11;9,9698
04;39000082;50;1595;9,9695
04;39000083;01;135;11,1166
04;39000083;02;800;11,0795
04;39000084;01;7;8,4025
04;39000084;24;5;8,4025
04;39000084;50;720;8,4025
04;40000002;01;6;17,66
04;40000002;24;2;17,66
04;40000007;01;6;46,5856
04;40000007;02;160;46,5856
04;40000009;01;9;34,149
04;40000009;24;1;34,1428
04;40000016;01;4;91,4439
04;40000016;02;36;91,4439
04;40000017;01;5;41,4467
04;40000017;02;40;41,4467
04;40000018;01;7;45,28
04;40000018;02;20;45,28
04;40000020;02;36;43,0914
04;40000021;02;44;52,3156
04;40000023;02;38;30,9114
04;40000024;02;46;28,113
04;40000025;01;7;33,0965
04;40000025;02;30;33,0966
04;40000026;02;29;58,0537
04;40000026;24;1;58,0537
04;40000027;02;30;32,7775
04;40000028;02;46;32,0293
04;40000030;01;43;4,2815
04;40000030;02;250;4,2816
04;40000030;26;1;4,2816
04;40000031;01;30;4,7865
04;40000031;02;100;4,7865
04;40000031;26;1;4,7865
04;40000032;01;14;5,2958
04;40000032;02;150;5,2958
04;40000032;24;2;5,2958
04;40000032;26;1;5,2958
04;40000033;01;8;5,4726
04;40000033;02;175;5,4725
04;40000033;26;1;5,4725
04;40000034;01;14;6,1184
04;40000034;02;250;6,1184
04;40000034;24;1;6,1184
04;40000034;26;1;6,1184
04;40000038;01;23;15,0871
04;40000038;02;50;15,0871
04;40000038;26;1;15,0871
04;40000039;02;42;21,5529
04;40000041;02;36;28,5389
04;40000043;02;5;7,2436
04;40000046;02;26;35,7843
04;40000050;02;51;39,1262
04;40000052;01;3;34,4731
04;40000052;02;40;34,4731
04;40000052;24;1;34,4731
04;40000057;02;33;55,5629
04;40000066;02;38;25,1832
04;40000068;02;147;1
04;40000070;01;8;22,8694
04;40000072;02;1;35,411
04;40000073;02;88;28,4658
04;40000074;02;29;41,1007
04;40000075;02;48;38,3294
04;40000076;02;19;47,6127
04;40000077;02;67;119,6678
04;40000078;01;2;34,8987
04;41000013;01;366;0,0437
04;41000013;02;2000;0,0437
04;41000014;01;1494;0,0418
04;41000016;01;12;3,3092
04;41000016;02;100;3,3092
04;41000016;26;1;3,3092
04;41000017;01;43;3,6109
04;41000017;02;100;3,6109
04;41000017;26;1;3,6109
04;41000020;01;13;20,0155
04;41000020;02;120;20,0155
04;41000021;01;287;0,064
04;41000021;02;9000;0,064
04;41000023;01;47;8,5174
04;41000023;02;96;8,5174
04;41000023;26;1;8,5174
04;41000024;01;31;33,3913
04;41000024;02;325;33,3913
04;41000024;26;1;33,3914
04;41000025;01;20;22,4161
04;41000025;02;300;22,4161
04;41000025;26;1;22,4161
04;41000026;01;216;0,8774
04;41000026;02;250;0,9048
04;41000026;26;1;0,8958
04;41000028;01;145;2,861
04;41000028;02;500;2,8706
04;41000028;24;2;2,8697
04;41000028;26;1;2,8697
04;41000029;01;461;0,5552
04;41000029;24;6;0,5552
04;41000029;26;1;0,5552
04;41000030;01;67;1,7708
04;41000030;26;1;1,7707
04;41000031;01;77;5,1264
04;41000031;26;1;5,1092
04;41000032;01;83;3,1095
04;41000032;02;300;3,1095
04;41000032;26;1;3,1095
04;41000033;01;12;4,7746
04;41000033;02;150;4,7746
04;41000033;24;2;4,7746
04;41000033;26;1;4,7746
04;41000034;01;56;2,2829
04;41000035;01;67;3,0491
04;41000035;02;120;3,0491
04;41000035;26;1;3,0491
04;41000044;02;528;1,0019
04;41000044;26;1;1,0019
04;41000045;02;280;0,4307
04;41000045;26;1;0,4307
04;41000047;02;175;0,3381
04;41000047;26;1;0,3381
04;41000048;02;314;1,9403
04;41000048;26;1;1,9403
04;41000050;02;657;0,2778
04;41000050;26;1;0,2778
04;41000051;02;473;1,5279
04;41000051;26;1;1,5279
04;41000055;01;50;0,5952
04;41000055;02;3300;0,5952
04;41000055;26;1;0,5952
04;41000056;01;444;0,1673
04;41000056;02;3500;0,1673
04;41000056;26;1;0,1673
04;41000057;01;169;0,7447
04;41000057;02;1500;0,7447
04;41000057;26;1;0,7447
04;41000058;01;372;0,8225
04;41000058;02;1000;0,8224
04;41000058;26;1;0,8224
04;41000061;01;145,5;8,9534
04;41000061;02;1820,5;9,0299
04;41000061;24;34,7;9,0299
04;41000062;01;13;17,0016
04;41000062;02;180;17,0017
04;41000063;01;7;22,3251
04;41000063;02;220;22,3251
04;41000075;24;3;7,4467
04;41000077;01;8;52,679
04;41000077;02;20;50,8192
04;41000077;26;1;51,7404
04;41000078;01;12;50,3972
04;41000078;02;20;50,3972
04;41000078;24;1;50,3972
04;41000078;26;1;50,3972
04;41000079;01;9;54,3376
04;41000079;02;30;54,3376
04;41000079;26;1;54,3376
04;41000080;01;15;64,9123
04;41000080;02;10;64,9537
04;41000080;24;3;64,9744
04;41000080;26;1;64,9537
04;41000084;01;8;54,615
04;41000084;02;20;54,615
04;41000085;24;1;62,2315
04;41000085;26;1;62,2315
04;41000086;01;5;58,1879
04;41000086;24;15;58,1878
04;41000087;01;13;63,969
04;41000087;24;3;64,2386
04;41000088;01;-2;78,6758
04;41000088;24;1;77,4068
04;41000088;26;1;77,4068
04;41000089;01;8;89,3454
04;41000089;02;70;89,3454
04;41000089;26;1;89,3454
04;41000090;01;15;75,3799
04;41000090;26;1;75,3799
04;41000091;01;154;1,4573
04;41000091;24;3;1,4567
04;41000091;26;1;1,4567
04;41000092;02;2;0,815
04;41000096;02;411;1
04;41000097;02;22;1
04;41000099;02;54;1
04;41000104;01;528;0,0105
04;41000104;02;206000;0,0105
04;41000105;01;6373;0,0103
04;41000106;01;731;0,0407
04;41000106;02;4000;0,0407
04;41000107;01;264;0,0912
04;41000107;02;2000;0,0912
04;41000108;01;288;0,1255
04;41000108;02;1600;0,1255
04;41000109;01;202;0,1633
04;41000109;02;16000;0,1633
04;41000110;01;377;0,4034
04;41000110;02;1000;0,4034
04;41000111;01;143;0,3511
04;41000111;02;800;0,3511
04;41000112;01;152;0,2913
04;41000112;02;1000;0,2913
04;41000113;01;232;0,4989
04;41000113;02;2000;0,4989
04;41000114;02;400;0,0694
04;44000004;24;20;13,29
04;44000029;24;590;7,8177
04;44000030;24;136;12,014
04;44000031;24;101,6;9,9099
04;44000033;24;60,6;8,3554
04;45000043;01;245;0,2553
04;45000043;24;2;0,2553
04;45000044;01;45;1,0133
04;45000044;02;100;1,0133
04;45000045;01;30;1,9346
04;45000045;02;400;1,9346
04;45000229;01;3;0,5605
04;45000229;02;78;6,2368
04;45000229;26;1;6,2368
04;46000027;02;3;46,54
04;46000027;26;1;46,54
04;48000059;02;23;1
04;49000010;02;50;0,6512
04;49000010;26;1;0,6512
04;49000011;02;95;0,9105
04;49000011;26;1;0,9105
04;49000024;02;46;0,94
04;49000024;26;1;0,94
04;49000025;02;50;0,7846
04;49000025;26;1;0,7846
04;49000026;02;66;1,0648
04;49000026;26;1;1,0648
04;49000031;01;1;7,0175
04;49000031;02;6;7,0175
04;49000031;26;1;7,0175
04;49000046;11;14;5,6
04;49000048;11;21;14,96
04;49000058;01;7;52,3789
04;49000058;02;68;52,3789
04;49000058;26;1;52,3789
04;49000074;01;6;12,6421
04;49000074;26;1;12,6421
04;49000075;01;9;8,9191
04;49000075;26;1;8,9191
04;50000014;02;2;163,32
04;51000001;01;25;9,5769
04;51000001;02;420;9,5769
04;51000002;02;303;10,9093
04;51000003;02;181;8,4483
04;51000004;02;316;12,4414
04;51000005;02;261;9,9096
04;51000006;01;23;10,7816
04;51000006;02;180;10,7816
04;51000007;02;224;4,3713
04;51000008;02;150;3,9626
04;51000011;01;22;9,496
04;51000011;02;20;9,496
04;51000012;02;1763;4,44
04;51000014;01;24;7,6706
04;51000014;02;40;7,6706
04;51000016;02;434;3,93
04;51000017;01;175;7,0542
04;51000017;02;380;7,0206
04;51000019;01;27;8,5346
04;51000019;02;140;8,5346
04;51000020;01;9;4,25
04;51000020;02;720;4,25
04;51000021;01;38;7,2296
04;51000025;02;6;5,3966
04;51000026;02;322;5,3583
04;51000027;02;654;21,1914
04;51000028;02;735;4,62
04;51000029;02;238;9,3851
04;51000031;02;1656;8,71
04;51000032;02;2258;8,71
04;51000033;02;1457;8,8551
04;51000034;01;4;14,51
04;51000034;02;840;14,51
04;51000035;01;26,5;29,2242
04;51000035;02;100;29,2242
04;51000036;01;37;23,3195
04;51000039;01;20;4,6961
04;51000039;02;720;4,6962
04;51000040;01;12;7,4358
04;51000040;02;200;7,4358
04;51000043;02;314;9,5496
04;53000003;01;35;6,5858
04;53000003;02;250;6,5858
04;53000003;26;1;6,5858
04;53000004;01;13;11,8828
04;53000004;02;280;11,8828
04;53000004;26;1;11,8828
04;54000001;01;20;4,3298
04;54000001;02;300;4,3298
04;54000001;26;1;4,3298
04;54000002;01;32;7,5891
04;54000002;02;200;7,5891
04;54000002;24;1;7,5891
04;54000002;26;1;7,5891
04;54000003;01;22;9,035
04;54000003;02;400;9,0351
04;54000003;26;1;9,0351
04;54000004;01;14;6,4937
04;54000004;02;400;6,4937
04;54000004;26;1;6,4937
04;54000005;01;25;9,6245
04;54000005;02;25;9,6245
04;54000005;26;1;9,6245
04;54000006;01;45;11,2375
04;54000006;02;100;11,2375
04;54000006;26;1;11,2375
04;54000007;01;11;8,3503
04;54000007;02;676;8,3502
04;54000007;26;1;8,3502
04;54000008;01;19;13,72
04;54000008;02;480;13,72
04;54000008;26;1;13,72
04;54000009;01;18;10,9005
04;54000009;02;150;10,9006
04;54000009;26;1;10,9006
04;54000010;01;17;18,7756
04;54000010;02;120;18,7757
04;54000010;24;1;18,7756
04;54000010;26;1;18,7756
04;54000013;01;23;14,7952
04;54000013;02;120;14,7952
04;54000013;26;1;14,7952
04;54000014;01;9;32,6694
04;54000014;02;50;32,6694
04;54000014;26;1;32,6694
04;54000017;01;9;26,6446
04;54000017;02;230;26,6446
04;54000017;26;1;26,6446
04;54000018;01;8;68,5253
04;54000018;26;1;68,5253
04;54000019;01;8;49,6338
04;54000019;02;140;49,6338
04;54000019;26;1;49,6338
04;54000022;01;9;18,2716
04;54000022;02;170;18,2715
04;54000022;26;1;18,2715
04;54000023;02;196;13,7206
04;54000023;26;1;13,7206
04;54000025;01;7;108,698
04;54000025;02;25;108,698
04;54000025;26;1;108,698
04;55000006;01;58,45;88,5656
04;55000006;02;25;88,5656
04;55000007;01;13,44;56,7375
04;55000007;02;25;56,7375
04;55000008;01;35,72;86,0503
04;55000008;02;50;86,0503
04;55000009;01;5,5;114,2819
04;55000010;01;19,22;44,0844
04;55000010;02;25;44,0844
04;55000011;01;8,5;44,1845
04;55000012;01;14;81,6306
04;55000015;01;20;86,55
04;55000015;02;25;86,55
04;55000034;01;29;61,1949
04;55000035;01;11,38;28,9316
04;55000035;02;25;28,9316
04;55000036;01;12,79;38,6146
04;55000036;02;50;38,6146
04;55000039;11;5;57,8672
04;55000040;01;1,58;34,699
04;55000041;01;3,6;79,1452
04;55000043;01;3;38,6378
04;55000087;01;35,87;140,0912
04;55000087;02;75;140,0912
04;55000088;01;4;52,4192
04;55000095;01;4,7;86,6399
04;55000096;01;2;39,6326
04;56000059;24;17;332,9217
04;56000060;24;8;388,8783
04;56000127;24;3;180,2009
04;56000169;01;71;289,9574
04;56000169;24;7;289,9574
04;56000170;01;104;183,0593
04;57000007;01;30;12,0102
04;57000007;02;72;12,0102
04;57000009;01;33;54,9553
04;57000009;02;48;54,9553
04;57000009;11;1;54,9555
04;57000108;26;7;12,7987
04;57000108;50;54;12,7987
04;57000109;02;15;106,404
04;57000109;24;1;106,404
04;57000109;26;1;106,404
04;57000111;01;7;15,9863
04;57000111;24;10;15,9863
04;57000111;26;1;15,9863
04;57000112;24;2;146,8629
04;57000112;26;1;146,8629
04;57000112;50;27;146,8629
04;57000345;24;4;54,2789
04;57000346;24;5;77,3871
04;57000348;24;8;261,6883
04;57000349;24;122;30,5667
04;57000350;24;180;18,9138
04;57000351;01;32;45,4793
04;57000351;02;28;45,4331
04;57000351;11;1;45,4384
04;57000352;01;1;16,2186
04;57000352;26;12;15,0013
04;57000353;24;2;164,3598
04;57000356;24;2;172,8632
04;58000005;02;27;6,188
04;58000005;26;1;6,188
04;58000006;01;2;10,7857
04;58000007;01;3;19,4958
04;58000007;02;72;19,4958
04;58000007;26;1;19,4958
04;58000008;02;42;15,0388
04;58000008;26;1;15,0388
04;58000016;02;126;8,42
04;58000016;26;1;8,42
04;59000001;01;22;103,7313
04;59000002;01;1;22,0811
04;59000003;01;15;76,1876
04;59000006;24;2;175,2383
04;59000007;01;50;72,0854
04;59000007;02;61;73,6601
04;59000007;24;1;73,6601
04;59000008;01;4;133,9985
04;59000009;01;54;74,5233
04;59000010;02;154;53,1441
04;59000011;01;126;62,836
04;59000012;01;39;79,6171
04;59000016;01;14;280,6165
04;59000016;02;30;280,6165
04;59000018;02;2;271,9702
04;59000019;24;1;332,8965
04;59000021;01;7;418,9808
04;59000022;01;40;71,4082
04;59000022;02;114;71,4082
04;59000023;01;89;80,2427
04;59000025;24;3;410,3442
04;59000026;01;2;479,7638
04;59000027;01;1;260,26
04;59000028;01;12;585,6009
04;59000068;01;71;122,2212
04;61000008;02;12,53;2
04;62000005;01;13;120,3685
04;62000006;01;78;49,5261
04;62000016;02;45,84;23,2223
04;62000017;02;28,73;7,2242
04;62000023;02;15,51;44,2726
04;62000024;02;62,91;71,6681
04;62000028;02;8,44;94,2262
04;62000029;02;3,18;2
04;62000030;02;2;94,225
04;62000036;02;2,06;114,2016
04;62000037;02;4,63;2
04;62000038;02;1,04;2
04;63000035;24;78;30,178
04;64000008;02;81;215,8053
04;64000009;02;3;355,0877
04;64000012;02;49;585,9255
04;64000038;02;80;180,7943
04;64000041;02;32;236,71
04;64000043;24;1;374,9564
04;70002701;02;1;1028,8584
04;70002701;26;1;1028,8584
04;70002702;02;18;413,8723
04;70002702;26;1;413,8723
04;70002704;02;4;1203,2957
04;70002704;26;1;1203,2957
04;70002705;02;6;461,0405
04;70002705;26;1;461,0405
04;70004239;26;1;1114,606
04;70004247;02;5;1876,378
04;70004250;02;10;1394,088
04;85000392;02;14;23,4913
04;85000392;26;1;23,4913
05;02000001;01;110;44,2036
05;02000001;02;109;44,2035
05;02000002;01;24;39,5816
05;02000002;02;155;39,5816
05;02000003;01;4;31,805
05;02000003;02;150;65,8075
05;02000004;01;25;82,8648
05;02000004;02;199;82,8648
05;02000005;01;30;43,1511
05;02000005;02;204;41,9963
05;02000007;01;118;38,0015
05;02000007;02;565;37,9385
05;02000008;01;54;61,7188
05;02000008;02;162;61,7188
05;02000009;01;32;23,9946
05;02000009;02;484;23,9946
05;02000010;01;185;6,4016
05;02000010;02;498;6,402
05;02000011;01;56;32,3408
05;02000011;02;332;32,3408
05;02000012;01;55;63,7546
05;02000013;01;21;55,4397
05;02000014;01;530;6,861
05;02000014;02;4457;6,8657
05;02000014;24;1;6,7546
05;02000015;01;216;8,3116
05;02000015;02;2475;8,3116
05;02000016;01;268;6,402
05;02000016;02;844;6,402
05;02000017;01;31;125,6697
05;02000017;02;144;125,6697
05;02000018;01;48;63,3847
05;02000018;02;64;63,3847
05;02000019;01;121;34,6614
05;02000019;02;303;34,6614
05;02000021;01;24;218,2542
05;02000022;01;44;99,2384
05;02000023;01;59;71,6234
05;02000023;02;240;71,6234
05;02000024;01;28;71,6236
05;02000025;01;3;155,0951
05;02000025;02;80;155,095
05;02000026;01;67;78,0541
05;02000026;02;140;78,0541
05;02000027;01;18;84,4932
05;02000027;02;52;84,4932
05;02000028;01;30;61,7187
05;02000028;02;64;61,7187
05;02000029;01;16;291,31
05;02000030;01;29;161,0515
05;02000030;02;33;161,0515
05;02000031;24;1;91,8847
05;02000032;01;6;259,7756
05;02000032;02;21;259,7756
05;02000034;01;35;133,1402
05;02000035;01;17;118,5256
05;02000036;01;172;24,8643
05;02000036;02;637;24,8644
05;02000037;01;197;12,6136
05;02000037;02;1147;13,8815
05;02000037;24;6;12,6136
05;02000040;01;238;6,2965
05;02000040;02;1755;6,2949
05;02000040;24;3;6,2949
05;02000042;01;10;239,1188
05;02000043;01;13;133,5257
05;02000044;01;3;383,1675
05;02000045;01;22;255,4076
05;02000046;01;3;166,0375
05;02000047;01;10;205,552
05;02000048;01;169;19,6667
05;02000048;02;979;19,6667
05;02000049;01;124;11,0303
05;02000049;02;944;11,0303
05;02000049;24;3;11,0303
05;02000050;01;141;11,135
05;02000050;02;1285;11,1359
05;02000052;01;375;15,6095
05;02000052;02;1037;15,6096
05;02000052;24;8;15,6096
05;02000053;01;194;21,7494
05;02000053;02;241;21,7494
05;02000053;24;5;21,7494
05;02000054;01;200;10,624
05;02000055;01;181;18,8619
05;02000056;01;70;15,8985
05;02000056;02;2407;14,3664
05;02000056;24;5;15,8978
05;02000057;01;42;23,8214
05;02000057;02;935;25,1492
05;02000057;24;4;23,7918
05;02000058;01;49;32,9045
05;02000058;02;135;32,9046
05;02000058;24;1;32,9045
05;02000059;01;36;51,5034
05;02000059;02;95;51,5034
05;02000104;02;18;735,8599
05;03000006;01;140;27,4051
05;03000007;01;440;7,4171
05;03000007;02;1408;7,4171
05;03000007;11;5;7,4171
05;03000007;24;7;7,4171
05;03000011;01;214;15,6923
05;03000011;24;4;15,7409
05;03000012;01;386;10,4466
05;03000012;02;1809;11,413
05;03000012;24;2;10,3592
05;03000014;01;86;84,7509
05;03000014;02;287;84,7731
05;04000010;01;37;57,5881
05;04000010;02;100;57,5881
05;04000010;26;1;57,5881
05;04000015;01;12;8,2721
05;04000015;02;150;8,272
05;04000015;26;1;8,272
05;04000017;01;27;3,0408
05;04000017;02;50;3,0407
05;04000017;26;1;3,0407
05;04000019;01;19;1,7197
05;04000019;02;138;1,7197
05;04000019;26;1;1,7197
05;04000020;01;1;36,3448
05;04000020;02;80;36,3443
05;04000020;26;1;36,3443
05;04000022;26;1;4,4667
05;04000024;01;6;3,3234
05;04000024;02;30;3,3234
05;04000024;26;1;3,3234
05;04000026;01;23;16,7916
05;04000026;02;100;16,7916
05;04000026;26;1;16,7916
05;04000028;01;9;6,2216
05;04000028;02;115;6,2216
05;04000028;26;1;6,2216
05;04000030;01;16;48,9598
05;04000030;02;40;48,9598
05;04000030;26;1;48,9598
05;05000001;01;38;185,0298
05;05000002;01;16;426,0144
05;05000003;01;161;34,9719
05;05000003;24;1;35,5798
05;05000005;01;32;84,4736
05;05000006;01;12;17,7503
05;05000006;02;278;17,7504
05;05000007;01;346;7,8556
05;05000008;01;83;56,0739
05;05000009;01;42;63,7987
05;05000009;02;90;63,7987
05;05000010;01;13;63,7986
05;07000001;02;1000;0,2235
05;07000002;01;881;0,2202
05;07000002;02;7000;0,2203
05;07000003;01;232,3;2,193
05;07000010;01;3589;0,3345
05;07000010;02;8000;0,3345
05;07000012;01;1558;0,2662
05;07000012;02;8000;0,2662
05;07000013;01;1110;0,722
05;07000013;02;18000;0,7221
05;07000014;01;3303;0,2067
05;07000014;02;3000;0,2067
05;07000015;01;4475;0,2406
05;07000015;02;10000;0,2406
05;07000016;01;1808;0,1758
05;07000016;02;5000;0,1758
05;07000017;01;2247;0,1674
05;07000017;02;6000;0,1674
05;07000018;01;839;0,2723
05;07000018;02;4000;0,2723
05;0700021;01;2252;0,2708
05;07000021;02;16000;0,2708
05;07000022;01;1163;0,9486
05;07000022;02;6000;0,9486
05;07000023;01;2276;0,8259
05;07000023;02;6000;0,826
05;07000024;01;637;1,0247
05;07000024;02;6000;1,0247
05;07000059;01;1;0,2282
05;07000060;01;2502;0,1319
05;07000061;01;3700;0,3509
05;07000061;02;10000;0,3509
05;07000063;01;19;2,3992
05;07000063;02;120;2,3992
05;07000074;01;104;2,9805
05;07000074;02;1800;2,9805
05;07000075;01;185;0,3791
05;07000075;02;1400;0,3791
05;07000076;01;276;0,093
05;07000076;02;2000;0,093
05;07000077;01;500;0,0533
05;07000077;02;1500;0,0533
05;07000078;01;41;1,2175
05;07000078;02;1850;1,2175
05;07000079;01;44;0,1484
05;07000079;02;800;0,1484
05;07000080;01;18;0,1256
05;07000080;02;600;0,1256
05;07000081;01;56;0,6935
05;07000081;02;2500;0,6936
05;07000082;01;68;0,2414
05;07000082;02;1000;0,2414
05;07000083;01;94;1,6405
05;07000083;02;800;1,6405
05;07000092;01;2,511;15,7845
05;07000092;02;25;15,7845
05;07000093;01;2,5;34,3746
05;07000093;02;20;34,3746
05;07000149;01;2457;0,2339
05;07000150;01;950;0,5316
05;07000150;02;8000;0,5317
05;07000151;01;2844;0,4207
05;07000151;02;20000;0,4208
05;07000257;01;2890;0,1958
05;07000257;02;15000;0,1959
05;07000258;01;29;2,2161
05;07000258;02;350;2,2161
05;07000259;01;1446;0,2039
05;07000259;02;27000;0,2039
05;07000260;01;20;0,3145
05;07000262;01;30;0,6498
05;07000262;02;640;0,6498
05;07000262;26;10;0,6498
05;07000263;01;10;1,4773
05;07000263;26;10;1,4772
05;08000027;24;1;4,283
05;09000001;01;64;58,8998
05;09000001;02;78;58,8998
05;09000002;01;133;35,2314
05;09000002;02;1106;35,2314
05;09000002;24;3;35,2314
05;09000003;01;48;46,0269
05;09000003;02;223;46,0269
05;09000003;24;1;46,0269
05;09000005;01;46;92,1323
05;09000005;02;105;96,4736
05;09000007;01;27;54,4815
05;09000007;02;1416;54,0334
05;09000007;24;5;55,0751
05;09000009;01;20;70,395
05;09000009;24;1;70,3943
05;09000010;01;64;78,3753
05;09000012;01;100;42,1723
05;09000012;02;243;41,1872
05;09000012;24;1;39,5001
05;09000013;01;75;61,6348
05;09000013;02;162;60,7902
05;09000014;01;61;66,5403
05;09000015;01;77;64,5678
05;09000015;02;152;64,5082
05;09000015;24;1;65,4283
05;09000016;01;20;92,2178
05;09000016;02;111;94,8783
05;09000017;01;217;15,0356
05;09000017;02;666;15,0356
05;09000017;24;2;15,0356
05;09000021;24;1;64,125
05;09000023;01;37;108,6714
05;09000023;02;400;108,0904
05;09000024;01;15;173,4847
05;09000027;01;33;179,4624
05;09000029;01;4;130,5307
05;09000029;02;86;128,4022
05;09000041;01;64;21,9346
05;09000041;02;2101;22,9428
05;09000041;24;10;21,9157
05;09000042;01;201;25,7943
05;09000042;02;765;25,9017
05;09000042;24;2;24,958
05;09000054;01;233;16,6275
05;09000054;02;655;16,6274
05;09000054;24;3;16,6273
05;09000055;01;111;19,9981
05;09000055;02;530;19,9982
05;09000055;24;3;19,9981
05;09000057;01;151;28,2843
05;09000057;02;172;28,2428
05;09000057;24;3;29,9006
05;09000058;01;105;18,0066
05;09000060;01;81;61,9225
05;09000061;01;47;29,9381
05;09000062;01;111;25,3833
05;09000063;01;80;32,6656
05;09000064;01;25;97,486
05;09000066;01;198;25,307
05;09000067;01;215;12,2057
05;09000067;24;1;12,2057
05;09000068;01;92;11,847
05;09000078;24;17;27,843
05;09000081;24;6;40,7219
05;09000082;24;1;59,3973
05;09000090;24;1;76,4019
05;14000097;50;49;11,7205
05;14000098;26;1;10,6739
05;14000098;50;285;10,6739
05;14000101;26;1;17,0978
05;14000103;01;29;2,8933
05;14000103;02;250;2,8933
05;14000103;26;1;2,8933
05;14000103;50;125;2,8933
05;14000105;02;50;21,6495
05;14000105;26;1;21,6495
05;14000105;50;164;21,6495
05;14000106;26;1;16
05;14000106;50;269;15,9999
05;14000107;02;110;28,1835
05;14000107;50;152;28,1835
05;14000108;01;40;29,4292
05;14000108;02;40;29,4295
05;14000108;26;1;29,4294
05;14000108;50;41;29,4293
05;14000109;50;480;4,9228
05;14000110;02;600;10,5822
05;14000110;50;520;10,5822
05;14000119;01;5;5,5456
05;14000119;02;100;5,5455
05;14000119;26;1;5,5455
05;14000120;01;37;9,5936
05;14000120;02;120;9,5936
05;14000120;50;20;9,5936
05;14000121;01;8;8,2791
05;14000121;02;100;8,2791
05;14000121;26;1;8,2791
05;14000121;50;199;8,279
05;14000122;26;1;14,9275
05;14000122;50;313;14,9275
05;14000123;50;70;20,3322
05;14000127;50;88;5,5113
05;14000129;26;1;5,3211
05;14000132;26;1;12,6521
05;14000132;50;50;12,652
05;14000134;26;1;19,3382
05;14000134;50;40;19,3382
05;14000177;01;118;3,2149
05;14000177;02;1300;3,215
05;14000177;11;2;3,2181
05;14000206;01;3;59,7868
05;14000206;02;50;59,7868
05;14000206;26;1;59,7868
05;14000243;02;20;30,16
05;14000268;01;20;4,9457
05;14000268;02;350;4,9458
05;14000268;50;130;4,9457
05;14000270;01;101;4,0371
05;14000270;02;1300;4,0367
05;14000271;01;2;49,7333
05;14000271;02;40;49,7333
05;14000271;26;1;49,7333
05;14000272;11;1;2,1172
05;14000273;01;53;2,1216
05;14000276;02;20;26,9905
05;14000277;02;170;26,0271
05;14000277;50;69;26,0271
05;14000283;50;98;8,1808
05;14000289;50;286;4,5192
05;14000290;50;397;7,6723
05;14000291;50;128;2,4061
05;14000292;50;226;7,9715
05;14000293;01;166;9,7894
05;14000293;02;1150;9,7894
05;14000293;26;1;9,7894
05;14000300;50;100;18,8764
05;14000301;02;50;19,6149
05;14000301;50;23;19,6149
05;14000302;02;50;15,9574
05;14000302;50;99;15,9574
05;14000303;50;24;15,134
05;14000304;26;1;15,0915
05;14000304;50;77;15,0915
05;14000305;02;150;23,5863
05;14000305;50;39;23,5863
05;14000306;01;129;5,7364
05;14000306;02;225;5,7364
05;14000308;01;35;2,3264
05;14000308;02;325;2,3264
05;14000308;50;175;2,3263
05;14000311;01;175;5,0612
05;14000311;02;1100;5,0613
05;14000311;26;1;5,0613
05;14000312;02;50;8,1469
05;14000314;01;66;2,982
05;14000315;01;55;3,4257
05;14000315;02;300;3,4258
05;14000316;01;34;3,4698
05;14000316;02;150;3,4699
05;14000318;02;400;11,4604
05;14000319;01;7;9,7928
05;14000319;02;260;9,8269
05;14000320;02;100;10,8442
05;15000010;01;2;100,0127
05;15000010;02;55;100,0127
05;15000010;26;1;100,0127
05;15000011;01;9;13,8036
05;15000011;02;150;13,8036
05;15000011;11;1;13,8036
05;15000011;26;1;13,8036
05;15000012;02;107;6,7984
05;15000013;01;4;1,5897
05;15000013;02;200;1,5897
05;15000013;26;1;1,5897
05;15000014;01;10;53,3186
05;15000014;02;50;53,3186
05;15000015;01;8;10,4281
05;15000015;02;180;10,4281
05;15000015;26;1;10,4281
05;15000016;01;12;7,6583
05;15000016;02;136;7,6583
05;15000017;01;12;28,4236
05;15000017;02;180;28,4236
05;15000018;01;5;37,9682
05;15000018;02;180;37,9683
05;15000018;26;1;37,9683
05;15000124;01;44;9,8161
05;15000124;26;1;9,8161
05;15000125;01;38;12,8944
05;15000125;26;1;12,8944
05;15000126;01;31;16,6973
05;15000126;26;1;16,6973
05;15000127;01;44;20,7236
05;15000127;26;1;20,7236
05;15000128;01;36;24,0215
05;15000128;26;1;24,0215
05;15000129;01;42;39,7904
05;15000129;26;1;39,7904
05;36000001;01;40;3,4561
05;36000108;01;2;11,385
05;36000108;02;70;11,385
05;36000198;02;10;25,651
05;36001108;01;9;380,457
05;36001109;26;1;463,45
05;39000017;26;20;25,149
05;39000017;50;1080;25,149
05;39000018;26;20;25,1494
05;39000018;50;960;25,1494
05;39000020;02;800;18,2323
05;39000020;26;20;27,6741
05;39000020;50;140;27,6741
05;39000021;50;864;17,0215
05;39000022;26;20;23,7506
05;39000022;50;488;23,7506
05;39000025;26;18;22,1572
05;39000025;50;414;22,1573
05;39000029;01;20;12,091
05;39000029;02;1890;12,091
05;39000029;26;5;12,091
05;39000029;50;434;12,091
05;39000030;01;3;11,6989
05;39000030;02;2000;11,6989
05;39000030;26;5;11,6989
05;39000030;50;402;11,6989
05;39000034;01;1;26,8122
05;39000034;02;26;26,8122
05;39000035;01;1;36,2764
05;39000035;02;27;36,2764
05;39000036;02;45;30,1356
05;39000037;02;40;43,2096
05;39000038;02;38;51,3965
05;39000055;26;18;12,0388
05;39000055;50;774;12,0388
05;39000056;26;20;11,7735
05;39000056;50;900;11,7735
05;39000057;26;18;12,4906
05;39000057;50;450;12,4907
05;39000058;26;25;12,4901
05;39000058;50;975;12,4901
05;39000061;26;18;16,1726
05;39000061;50;1080;16,1726
05;39000062;26;36;16,1726
05;39000062;50;1062;16,1726
05;39000071;01;35;9,5484
05;39000071;02;1320;9,5483
05;39000072;01;119;11,8421
05;39000072;02;1044;11,8421
05;39000073;01;175;11,3549
05;39000073;02;1400;11,3549
05;39000074;26;20;11,8743
05;39000074;50;1520;11,8743
05;39000075;26;20;12,7999
05;39000075;50;1100;12,7999
05;39000080;01;116;9,1151
05;39000080;02;2325;9,1151
05;39000081;01;21,5;8,6468
05;39000081;02;3180;8,6468
05;39000082;26;5;10,229
05;39000082;50;2782;10,229
05;39000083;01;108;10,3136
05;39000083;02;160;10,3136
05;39000083;50;396;10,327
05;39000084;26;5;8,19
05;39000084;50;1583;8,19
05;40000001;01;5;20,2164
05;40000001;02;24;20,2164
05;40000007;02;20;46,7836
05;40000009;01;6;33,9625
05;40000009;02;7;33,9625
05;40000017;01;6;41,2906
05;40000017;02;32;41,2906
05;40000018;01;6;45,3465
05;40000018;02;9;45,3465
05;40000020;01;8;44,9233
05;40000020;02;9;44,9233
05;40000021;01;8;52,6117
05;40000021;02;9;52,6117
05;40000023;01;17;35,9539
05;40000024;01;11;40,6272
05;40000025;01;5;31,5523
05;40000026;01;4;54,8733
05;40000026;02;9;54,8733
05;40000028;01;10;34,9739
05;40000029;02;18;60,8278
05;40000030;01;100;4,579
05;40000030;26;1;4,579
05;40000031;01;10;4,7763
05;40000031;02;150;4,7763
05;40000031;11;1;4,7763
05;40000031;24;1;4,7763
05;40000032;01;72;5,525
05;40000033;01;13;6,8767
05;40000033;02;150;6,8767
05;40000033;26;1;6,8767
05;40000034;01;27;7,2467
05;40000034;02;150;7,2467
05;40000039;01;2;24,2472
05;40000039;02;22;24,2471
05;40000041;01;3;45,1855
05;40000041;02;16;45,1855
05;40000043;01;1;52,9135
05;40000043;02;9;52,9133
05;40000046;01;7;36,2556
05;40000048;02;18;32,4867
05;40000050;01;14;47,0339
05;40000051;01;6;29,5473
05;40000052;01;18;35,3703
05;40000052;02;40;35,3704
05;40000055;01;9;105,9772
05;40000055;02;9;105,9772
05;40000057;01;9;60,2244
05;40000057;02;9;60,2244
05;40000059;01;6;56,0789
05;40000059;02;9;56,0789
05;40000064;01;5;32,8836
05;40000064;02;30;32,8836
05;40000066;01;9;22,2938
05;40000069;01;20;15,9276
05;40000069;02;100;15,9276
05;40000069;26;1;15,9276
05;40000070;01;11;21,4066
05;40000070;02;30;21,4066
05;40000071;01;9;29,9488
05;40000071;02;22;29,9488
05;40000073;01;10;30,495
05;40000073;02;28;30,495
05;40000075;01;10;40,5237
05;40000075;02;22;40,5237
05;40000076;01;18;51,0262
05;40000076;02;38;51,0262
05;40000079;01;9;53,7806
05;40000079;02;9;53,7806
05;41000013;01;456;0,0558
05;41000014;01;500;0,0558
05;41000016;01;19;5,3176
05;41000017;01;17;5,4002
05;41000020;01;6,04;19,6506
05;41000020;02;20;19,6505
05;41000021;02;1000;0,0808
05;41000023;01;82;8,9093
05;41000023;26;1;8,9093
05;41000024;01;6;31,0161
05;41000024;02;50;31,0162
05;41000024;26;1;31,0162
05;41000025;01;9;22,5683
05;41000025;02;40;22,5683
05;41000025;26;1;22,5683
05;41000026;01;249;0,9328
05;41000026;26;1;0,9328
05;41000028;01;74;2,8601
05;41000028;02;600;2,8601
05;41000028;26;1;2,8601
05;41000029;01;539;0,5671
05;41000029;02;1500;0,5671
05;41000029;26;1;0,5671
05;41000030;26;1;1,8188
05;41000031;01;41;5,0223
05;41000031;02;300;5,0223
05;41000031;26;1;5,0223
05;41000032;01;6;2,6653
05;41000032;02;60;2,6652
05;41000033;01;34;4,0042
05;41000033;02;40;4,0042
05;41000033;26;1;4,0042
05;41000034;01;53;2,2807
05;41000035;01;21;2,9295
05;41000055;01;598;0,519
05;41000055;02;2000;0,519
05;41000056;01;500;0,2149
05;41000056;02;2000;0,2149
05;41000057;01;500;0,6675
05;41000057;02;2000;0,6675
05;41000058;01;180;0,7395
05;41000058;02;2000;0,7395
05;41000061;01;84,55;9,0299
05;41000061;02;192;9,0299
05;41000062;01;29;18,5513
05;41000063;01;39;18,7185
05;41000075;01;20;16,0572
05;41000077;01;10;53,5828
05;41000077;02;10;53,5831
05;41000078;01;14;58,9029
05;41000078;02;40;58,9029
05;41000079;01;9;62,9159
05;41000079;02;30;62,9159
05;41000080;01;8;68,5971
05;41000080;02;50;68,5971
05;41000084;01;6;47,0748
05;41000084;02;40;47,0749
05;41000085;01;4;53,0403
05;41000086;01;3;59,1847
05;41000086;02;10;59,1847
05;41000086;24;1;59,1847
05;41000087;01;4;63,9691
05;41000088;24;8;69,4
05;41000089;01;12;82,1679
05;41000089;02;20;82,1679
05;41000089;24;5;82,1679
05;41000090;01;8;85,4256
05;41000090;02;40;85,4255
05;41000090;24;1;85,4255
05;41000104;02;1000;0,0423
05;41000105;01;228;0,0459
05;41000105;02;1600;0,0459
05;41000106;01;1578;0,0515
05;41000106;02;3000;0,0515
05;41000107;01;294;0,0842
05;41000107;02;2000;0,0842
05;41000108;01;67;0,1401
05;41000108;02;900;0,1401
05;41000109;01;93;0,1954
05;41000109;02;1600;0,1954
05;41000110;01;16;0,3545
05;41000110;02;1700;0,3544
05;41000111;01;1;0,4085
05;41000111;02;1900;0,4077
05;41000111;24;1;0,4077
05;41000112;01;19;0,2914
05;41000112;02;800;0,2913
05;41000112;24;1;0,2913
05;41000113;01;22;0,9192
05;41000113;02;1300;0,9192
05;45000043;02;50;0,353
05;45000044;02;56;0,9826
05;45000044;24;1;0,9826
05;45000045;02;32;0,8232
05;45000045;24;1;0,8232
05;45000229;02;17;6,2371
05;49000031;02;4;7,0175
05;49000048;02;70;14,96
05;49000058;01;5;64,6509
05;49000058;02;25;64,6509
05;49000058;26;1;64,6509
05;49000059;01;8;29,5211
05;49000059;02;10;29,5211
05;49000074;02;11;12,6421
05;49000074;26;1;12,6421
05;49000075;02;20;8,4946
05;51000001;01;32;10,2647
05;51000001;02;280;10,2647
05;51000002;01;18;12,5089
05;51000004;01;18;15,7731
05;51000005;02;340;9,2925
05;51000006;01;25;9,8262
05;51000006;02;360;9,8263
05;51000007;01;16;8,0914
05;51000007;02;300;8,0914
05;51000008;01;19;3,9626
05;51000011;01;64;9,8641
05;51000012;01;51;5,7109
05;51000012;02;280;5,7109
05;51000013;01;28;8,0939
05;51000013;02;480;8,0939
05;51000014;01;20;8,6312
05;51000014;02;220;8,6312
05;51000015;01;10;8,6131
05;51000015;02;100;8,6131
05;51000016;01;19;9,6943
05;51000016;02;300;9,6943
05;51000017;01;97;7,0599
05;51000017;02;2140;7,0599
05;51000018;01;13;8,4607
05;51000018;02;420;8,4607
05;51000019;01;39;8,6268
05;51000019;02;400;8,6269
05;51000020;01;54;8,1298
05;51000020;02;340;8,1298
05;51000021;01;21;8,0918
05;51000021;02;400;8,0918
05;51000022;01;47;8,0895
05;51000022;02;520;8,0895
05;51000023;01;24;7,1628
05;51000023;02;160;7,1629
05;51000024;01;19;19,3358
05;51000025;01;9;6,9332
05;51000025;02;320;6,9332
05;51000026;01;30;6,8409
05;51000026;02;20;6,8409
05;51000027;02;60;20,5624
05;51000028;01;5;10,2117
05;51000028;02;300;10,2117
05;51000034;01;12;14,51
05;51000035;01;28,5;22,5064
05;51000035;02;520;22,5064
05;51000036;01;5;22,2655
05;51000036;02;480;22,2654
05;51000039;01;42;8,6546
05;51000039;02;560;8,6546
05;51000040;01;21;7,8563
05;51000040;02;180;7,8563
05;51000046;01;19;4,378
05;51000046;02;215;4,378
05;53000003;01;20;6,5343
05;53000003;26;1;6,5343
05;53000004;01;22;11,9489
05;53000004;02;50;11,9489
05;53000004;26;1;11,9489
05;54000001;01;58;4,1746
05;54000001;02;100;4,1746
05;54000002;01;14;8,0836
05;54000002;02;200;8,0836
05;54000002;26;1;8,0836
05;54000003;01;47;8,558
05;54000003;24;1;8,558
05;54000003;26;1;8,558
05;54000004;01;19;6,3113
05;54000004;02;100;6,3113
05;54000005;01;5;8,953
05;54000005;02;50;8,953
05;54000005;26;1;8,953
05;54000006;01;2;10,5804
05;54000007;01;55;8,5362
05;54000007;02;100;8,5362
05;54000007;26;1;8,5362
05;54000008;01;13;13,5423
05;54000008;02;140;13,5423
05;54000009;01;16;10,9693
05;54000009;02;140;10,9693
05;54000010;01;8;18,6649
05;54000010;02;120;18,6648
05;54000013;01;20;15,2247
05;54000013;02;120;15,2247
05;54000014;01;9;33,2047
05;54000014;02;40;33,2047
05;54000017;01;4;26,4102
05;54000017;02;30;26,4102
05;54000017;26;1;26,4102
05;54000018;01;7;71,0204
05;54000018;02;15;71,0204
05;54000019;01;12;45,8382
05;54000019;02;20;45,8382
05;54000020;01;8;90,0104
05;54000020;02;30;90,0104
05;54000022;01;3;19,279
05;54000022;02;40;19,279
05;54000022;26;1;19,279
05;54000023;01;8;13,595
05;54000023;02;150;13,595
05;54000023;26;1;13,595
05;54000025;01;2;109,1771
05;54000025;02;30;109,1771
05;55000006;01;12,5;88,4823
05;55000006;02;75;88,4823
05;55000007;01;5;56,7392
05;55000008;01;52,5;87,5222
05;55000009;02;25;113,4854
05;55000010;01;6,29;46,4411
05;55000011;01;7,5;44,1844
05;55000011;02;75;44,1844
05;55000012;01;2,4;81,2107
05;55000012;11;8;81,2099
05;55000034;01;0,5;61,173
05;55000034;26;25;61,1729
05;55000036;01;12,5;40,7313
05;55000036;02;50;40,7312
05;55000036;26;25;40,7312
05;55000038;01;28;18,1542
05;55000039;01;3;57,8672
05;55000041;01;9,8;82,6254
05;55000043;01;3,5;38,6014
05;55000072;01;21,25;116,9416
05;55000072;02;25;116,9417
05;55000087;01;10,94;150,6691
05;55000087;02;25;150,6691
05;55000087;26;25;150,6691
05;55000088;01;3;55,116
05;55000088;26;25;55,1159
05;55000096;01;11,32;39,6293
05;56000169;01;39;289,9923
05;56000170;01;50;184,0553
05;57000007;01;2;11,3752
05;57000007;11;5;11,3781
05;57000007;50;162;11,3789
05;57000009;01;7;54,9563
05;57000009;02;89;54,9563
05;57000108;50;35;14,7107
05;57000110;50;10;37,051
05;57000111;11;1;16,1259
05;57000111;50;1;16,1259
05;57000112;24;1;147,4943
05;57000113;50;5;41,9398
05;57000346;50;10;77,387
05;57000349;50;198;30,4988
05;57000350;50;209;18,9592
05;57000351;01;7;45,9701
05;57000352;01;4;14,9745
05;57000352;02;24;15,0834
05;57000352;24;1;15,0834
05;57000353;26;1;172,3206
05;57000355;01;15;15,9817
05;57000355;24;10;15,9816
05;57000356;50;2;190,3865
05;58000005;01;8;6,1505
05;58000005;02;15;6,1505
05;58000005;26;1;6,1505
05;58000006;01;11;10,7319
05;58000006;02;33;10,732
05;58000007;01;1;18,9084
05;58000007;02;36;18,9083
05;58000008;01;6;18,8856
05;58000008;02;12;18,8856
05;59000001;01;32;87,3694
05;59000003;01;20;76,1875
05;59000004;01;27;157,1589
05;59000005;01;60;166,6461
05;59000006;01;21;183,3346
05;59000007;01;45;73,6602
05;59000008;01;67;121,7247
05;59000009;01;51;74,5233
05;59000010;01;110;54,3915
05;59000010;24;1;54,3915
05;59000011;01;112;58,7601
05;59000012;01;113;69,8064
05;59000016;01;17;292,1724
05;59000017;01;25;327,5055
05;59000021;01;11;402,0179
05;59000022;01;72;70,3236
05;59000023;01;1;73,7263
05;59000025;01;19;426,6711
05;59000026;01;10;502,1353
05;59000028;01;5;589,9912
05;59000068;01;72;120,3134
05;64000008;01;25;270,0809
05;64000012;02;1;597,0847
05;70002701;01;4;1221,898
05;70002701;26;1;1221,898
05;70002702;01;6;531,715
05;70002702;26;1;531,715
05;70002703;01;23;1668,772
05;70002705;01;9;484,426
06;02000001;01;110;37,0179
06;02000001;02;240;37,0179
06;02000002;01;62;39,5816
06;02000002;02;65;39,5816
06;02000005;01;61;65,2481
06;02000005;02;200;56,7693
06;02000006;01;194;23,9032
06;02000006;02;756;24,201
06;02000008;01;106;89,989
06;02000008;02;116;89,989
06;02000009;01;120;35,8493
06;02000009;02;584;33,4755
06;02000009;24;4;35,8256
06;02000010;01;142;19,3346
06;02000010;02;1009;19,2109
06;02000010;24;1;19,2109
06;02000011;01;99;25,3609
06;02000011;02;311;28,2694
06;02000012;01;77;63,7494
06;02000013;01;84;53,8485
06;02000013;02;92;51,3796
06;02000014;01;104;6,5645
06;02000014;02;4538;6,5646
06;02000015;01;798;7,1289
06;02000015;02;1575;7,1235
06;02000016;01;382;10,7921
06;02000016;02;421;8,1951
06;02000016;24;1;10,7921
06;02000018;01;48;66,6181
06;02000018;02;142;66,8037
06;02000019;01;167;19,6131
06;02000019;02;421;32,7949
06;02000020;02;94;53,2545
06;02000023;01;37;68,8891
06;02000025;01;22;146,5093
06;02000026;01;41;91,4178
06;02000026;02;114;93,5064
06;02000028;01;25;63,2686
06;02000028;02;48;63,2687
06;02000030;01;46;185,5858
06;02000034;01;20;133,1403
06;02000034;02;39;133,1403
06;02000037;01;65;12,9819
06;02000037;02;2000;12,938
06;02000039;01;492;16,3017
06;02000039;02;235;16,2983
06;02000040;01;672;5,5399
06;02000040;02;2724;5,521
06;02000043;01;23;156,7161
06;02000043;02;36;158,3155
06;02000046;01;27;223,964
06;02000047;01;14;205,5524
06;02000049;01;711;10,9458
06;02000049;02;896;10,946
06;02000050;01;342;13,3418
06;02000050;02;636;13,3353
06;02000052;01;500;14,6556
06;02000052;02;281;14,6544
06;02000053;01;219;19,1738
06;02000053;02;500;19,1738
06;02000053;11;25;19,1738
06;02000054;01;141;10,6239
06;02000056;01;150;15,9761
06;02000057;01;162;23,3186
06;02000057;02;869;23,3169
06;02000057;24;2;23,3169
06;02000058;01;167;32,6942
06;02000058;02;595;33,9176
06;02000059;01;92;51,1942
06;02000059;02;290;51,1942
06;02000065;02;149;18,4261
06;02000069;02;180;70,5667
06;02000070;02;70;163,2108
06;02000087;01;119;47,5456
06;02000087;02;330;47,3984
06;02000095;01;127;85,3731
06;02000096;01;114;85,6011
06;02000096;24;13;85,6011
06;02000097;02;160;68,632
06;02000099;01;80;105,5482
06;02000099;02;25;105,5482
06;02000100;02;199;85,7409
06;03000005;01;1;172,0645
06;03000007;01;233;6,9621
06;03000007;02;2095;6,9621
06;03000009;01;37;63,3892
06;03000011;01;101;172,8278
06;03000011;24;4;51,3952
06;03000014;01;51;81,7389
06;03000014;02;179;84,7735
06;03000019;01;2;143,6198
06;03000020;02;1340;5,9781
06;03000023;01;224;8,1734
06;03000023;02;2060;8,1684
06;03000030;02;21;0
06;04000010;02;252;60,4969
06;04000015;02;56;8,7707
06;04000017;02;178;2,3937
06;04000019;02;50;2,7132
06;04000020;02;112;29,084
06;04000022;02;111;4,9795
06;04000024;02;59;3,4899
06;04000026;02;119;17,3015
06;04000028;02;50;6,2216
06;04000030;02;149;46,5396
06;05000006;01;43;15,6586
06;05000007;01;384;9,0949
06;05000007;02;357;9,095
06;07000001;02;5899;0,2294
06;07000001;12;1;0,2294
06;07000002;02;2614;0,2207
06;07000002;12;1;0,2207
06;07000003;26;389;4,3122
06;07000010;01;2995;0,1886
06;07000012;01;587;0,1821
06;07000012;02;10000;0,1821
06;07000013;01;894;0,7019
06;07000014;01;1998;0,2565
06;07000015;01;84;0,205
06;07000015;02;30000;0,205
06;07000016;01;104;0,0868
06;07000017;01;2500;0,0752
06;07000021;01;1674;0,2707
06;07000023;01;1338;0,6447
06;07000024;01;500;0,9268
06;07000024;02;2000;0,9268
06;07000059;01;2;0,1382
06;07000060;01;299;0,1105
06;07000060;02;15000;0,1115
06;07000061;01;580;0,2336
06;07000063;01;36;2,4677
06;07000063;02;800;2,4674
06;07000074;01;100;2,7518
06;07000074;02;882;2,7518
06;07000075;01;62;0,3902
06;07000075;02;2494;0,3917
06;07000076;01;1500;0,0839
06;07000076;02;1923;0,0839
06;07000077;01;100;0,0626
06;07000077;02;1660;0,0626
06;07000078;01;250;1,1788
06;07000078;02;4165;1,1788
06;07000079;01;336;0,1545
06;07000079;02;2804;0,1545
06;07000080;01;370;0,1333
06;07000080;02;1457;0,1333
06;07000081;01;110;0,7278
06;07000081;02;2574;0,7278
06;07000082;01;184;0,2605
06;07000082;02;600;0,2605
06;07000083;01;112;1,645
06;07000083;02;1351;1,645
06;07000092;01;6,3;18,9515
06;07000092;02;50;18,9515
06;07000093;01;4,8;36,1798
06;07000093;02;11;36,1685
06;07000149;01;1350;0,1099
06;07000150;01;2110;0,3353
06;07000151;01;6128;0,3457
06;07000257;01;1950;0,1146
06;07000258;01;169;2,2161
06;07000260;01;20;0,3208
06;07000262;01;720;0,7053
06;07000262;02;3520;0,7053
06;07000263;01;530;1,5209
06;07000263;02;1760;1,5209
06;08000027;01;13;4,2891
06;08000027;11;1;4,2891
06;09000001;01;70;58,8997
06;09000001;02;71;58,8998
06;09000001;24;2;58,8997
06;09000002;01;273;34,8669
06;09000002;02;1263;34,8669
06;09000003;01;48;43,5606
06;09000003;02;220;44,1676
06;09000003;24;2;44,1676
06;09000005;01;56;31,7231
06;09000005;02;72;93,8076
06;09000007;02;956;54,0301
06;09000009;01;51;74,66
06;09000009;02;66;74,6601
06;09000010;01;120;81,1295
06;09000013;01;123;55,6836
06;09000013;02;200;55,6901
06;09000014;01;44;104,8906
06;09000016;01;78;85,8648
06;09000016;02;111;94,585
06;09000017;01;405;13,4276
06;09000017;02;733;14,2844
06;09000017;24;3;13,4284
06;09000024;01;27;173,3231
06;09000041;01;49;21,8447
06;09000041;02;2230;23,1586
06;09000041;24;3;21,8347
06;09000042;24;1;37454,0992
06;09000054;01;42;16,591
06;09000054;02;1563;17,3838
06;09000054;24;8;16,5953
06;09000055;01;462;13,6362
06;09000055;02;2063;18,9909
06;09000057;01;44;26,7109
06;09000057;02;532;27,6351
06;09000058;01;116;18,0066
06;09000062;01;96;25,3367
06;09000063;01;27;32,6656
06;09000067;01;245;12,2057
06;09000078;11;2;28,3961
06;09000078;24;3;28,3961
06;09000081;01;60;627,8772
06;09000081;24;2;-10280,1633
06;09000084;01;155;33,5772
06;09000084;02;297;33,5166
06;09000084;24;7;33,5063
06;09000090;01;85;75,6815
06;14000097;50;25;11,1518
06;14000098;01;10;10,3001
06;14000098;02;40;10,3001
06;14000098;50;122;10,3001
06;14000103;01;87;2,9925
06;14000103;02;100;2,9925
06;14000103;50;100;2,9925
06;14000105;01;45;22,1542
06;14000105;50;10;22,1542
06;14000106;01;25;15,6556
06;14000106;02;110;15,6556
06;14000106;50;31;15,6556
06;14000107;02;60;25,4775
06;14000107;50;87;25,4774
06;14000109;01;160;4,7646
06;14000109;02;150;4,7647
06;14000109;50;400;4,7646
06;14000110;01;75;10,5264
06;14000110;02;700;10,5263
06;14000110;50;1049;10,5262
06;14000119;01;55;5,4821
06;14000119;02;10;5,4821
06;14000120;01;51;10,0505
06;14000120;02;50;10,0493
06;14000121;01;16;8,1931
06;14000121;02;50;8,1931
06;14000121;50;20;8,1931
06;14000122;01;72;14,7358
06;14000122;02;150;14,7358
06;14000122;50;40;14,7358
06;14000123;02;10;18,89
06;14000127;01;96;6,9525
06;14000127;02;20;6,9526
06;14000127;50;20;6,9525
06;14000131;01;23;8,0563
06;14000132;01;24;17,4124
06;14000132;02;220;17,4124
06;14000132;50;30;17,4124
06;14000134;02;10;23,686
06;14000177;01;71;29,8573
06;14000177;02;870;29,8573
06;14000177;11;8;29,8573
06;14000206;01;2;62,4152
06;14000206;02;45;62,4152
06;14000206;11;1;62,4152
06;14000243;01;3;31,2866
06;14000243;02;45;31,2866
06;14000268;01;82;4,6477
06;14000268;02;51;4,6479
06;14000268;50;130;4,6476
06;14000269;01;20;14,1875
06;14000270;01;1;4,1701
06;14000271;01;1;66,5419
06;14000271;02;55;66,5418
06;14000272;01;10;2,1746
06;14000276;01;4;27,9988
06;14000276;02;45;27,9988
06;14000277;01;21;23,1874
06;14000277;02;40;23,1875
06;14000277;50;90;23,1874
06;14000283;01;10;8,1192
06;14000283;02;150;8,1191
06;14000283;50;73;8,1191
06;14000284;50;2;12,4689
06;14000289;50;129;4,406
06;14000290;50;327;7,7218
06;14000291;50;118;2,7307
06;14000292;50;69;5,3374
06;14000293;01;48;9,7757
06;14000293;02;600;9,7757
06;14000300;01;10;22,0113
06;14000300;02;75;22,0113
06;14000300;50;112;22,0112
06;14000301;01;15;23,8131
06;14000301;02;75;23,8131
06;14000301;50;58;23,813
06;14000302;01;21;17,1344
06;14000302;02;695;17,1344
06;14000302;50;50;17,1344
06;14000303;01;16;16,9926
06;14000303;02;99;16,9926
06;14000303;50;61;16,9926
06;14000304;01;15;16,7281
06;14000304;02;125;16,7281
06;14000304;50;104;16,7281
06;14000305;01;14;23,722
06;14000305;02;96;23,722
06;14000305;50;60;23,7219
06;14000306;01;5;5,4568
06;14000306;02;175;5,4568
06;14000306;50;100;5,4568
06;14000308;01;64;2,0696
06;14000308;02;122;2,0701
06;14000308;50;1400;2,0696
06;14000311;01;103;5,0244
06;14000311;02;400;5,0244
06;14000312;01;55;7,7363
06;14000312;02;80;7,7363
06;14000314;01;34;2,9821
06;14000314;12;1;3,0233
06;14000316;01;57;3,432
06;14000316;02;200;3,432
06;14000317;01;24;3,4279
06;14000317;02;216;3,4279
06;14000318;01;14;9,6777
06;14000318;02;40;9,6778
06;14000319;01;18;9,8074
06;14000319;02;150;9,8074
06;14000320;01;20;9,143
06;15000010;01;14;58,7294
06;15000010;02;70;58,7294
06;15000011;01;14;14,1231
06;15000012;01;50;6,3771
06;15000012;02;40;6,3771
06;15000013;01;50;1,6445
06;15000013;02;40;1,6445
06;15000014;01;6;55,8474
06;15000015;01;22;10,5741
06;15000015;02;40;10,6136
06;15000016;01;4;7,2262
06;15000016;02;70;7,2259
06;15000017;01;2;28,4237
06;15000018;01;2;35,7856
06;15000018;02;70;35,7856
06;15000124;01;3;10,419
06;15000124;11;5;10,419
06;15000125;01;8;13,526
06;15000126;01;9;16,239
06;15000127;01;9;19,764
06;15000129;01;2;32,613
06;36000001;01;17;3,6375
06;36001097;01;8;541,6463
06;36001097;12;2;541,6463
06;36001108;01;5;328,8689
06;36001108;12;2;328,8689
06;36001109;01;8;422,8351
06;36001109;12;2;422,8351
06;39000016;02;825;18,1917
06;39000016;12;15;18,1917
06;39000017;02;1080;18,1
06;39000017;12;20;18,1001
06;39000018;02;1120;18,648
06;39000018;12;20;18,6479
06;39000018;50;540;18,6479
06;39000020;02;1100;18,2323
06;39000020;12;20;18,2323
06;39000021;02;1008;17,1696
06;39000021;12;18;17,1698
06;39000021;50;958;17,1699
06;39000022;01;14;16,5886
06;39000022;02;1040;16,5886
06;39000022;12;20;16,5887
06;39000023;02;1100;16,5887
06;39000023;12;20;16,5887
06;39000024;02;816;16,6528
06;39000024;12;17;16,6528
06;39000025;02;1008;19,2555
06;39000025;12;18;19,0995
06;39000025;50;2214;19,0258
06;39000026;02;975;15,6177
06;39000026;12;25;15,6177
06;39000027;02;885;23,7487
06;39000027;12;15;23,7487
06;39000029;01;787,5;11,7553
06;39000029;02;975;11,7857
06;39000029;12;60;11,7856
06;39000029;24;2;11,7856
06;39000029;50;1925;11,7996
06;39000030;02;2785;11,2899
06;39000030;12;60;11,2903
06;39000030;50;805;11,2866
06;39000034;02;17;41,7545
06;39000035;02;19;43,139
06;39000036;01;2;48,097
06;39000036;02;7;48,097
06;39000037;02;14;44,8305
06;39000041;12;20;6,64
06;39000041;50;800;6,64
06;39000061;12;18;15,1464
06;39000061;50;1170;15,1464
06;39000063;02;885;30,7092
06;39000063;12;15;30,7092
06;39000064;02;1100;29,8065
06;39000064;12;20;29,8065
06;39000071;01;3;8,111
06;39000071;12;2;9,5444
06;39000079;12;18;17,5807
06;39000079;50;1098;17,5807
06;39000080;01;21;9,6732
06;39000080;12;2,5;9,673
06;39000080;24;15;9,6732
06;39000081;01;47;8,8943
06;39000081;50;818;8,8943
06;39000082;01;122;9,8927
06;39000082;02;820;9,8927
06;39000082;12;5;9,8927
06;39000083;02;952;11,0987
06;39000084;01;100;10,293
06;39000084;02;220;10,2931
06;39000084;12;5;8,6248
06;39000084;50;990;8,6248
06;39000085;02;3006;10,9044
06;39000085;12;18;10,9044
06;39000086;02;975;10,8362
06;39000086;12;25;10,8362
06;40000001;01;4;20,7821
06;40000001;02;10;20,7821
06;40000007;01;7;45,453
06;40000007;02;40;45,453
06;40000009;01;1;33,5494
06;40000017;01;16;41,2581
06;40000017;02;10;41,2581
06;40000018;01;12;45,6288
06;40000018;02;10;45,6288
06;40000020;01;18;43,1203
06;40000020;02;10;43,1203
06;40000021;01;20;56,3477
06;40000021;02;10;56,3477
06;40000023;01;18;38,1942
06;40000023;02;10;38,1943
06;40000024;01;15;37,4347
06;40000024;02;10;37,4347
06;40000025;01;19;33,8491
06;40000025;02;10;33,8492
06;40000026;02;8;59,848
06;40000028;01;20;36,5893
06;40000028;02;10;36,5893
06;40000029;01;18;60,3379
06;40000029;02;10;60,3379
06;40000030;01;1;4,3458
06;40000030;02;50;4,3457
06;40000031;01;47;4,7855
06;40000032;01;31;5,2623
06;40000032;02;50;5,2623
06;40000033;01;44;6,8213
06;40000033;02;50;6,8213
06;40000034;01;50;7,223
06;40000034;02;50;7,223
06;40000039;01;5;24,0007
06;40000039;02;10;23,9638
06;40000041;01;19;42,6515
06;40000041;02;10;42,6515
06;40000043;01;20;43,7687
06;40000043;02;10;43,7687
06;40000044;01;14;29,0834
06;40000046;01;20;50,227
06;40000046;02;10;50,227
06;40000048;01;19;39,9324
06;40000050;01;17;40,7271
06;40000050;02;10;40,7271
06;40000051;01;19;31,4511
06;40000052;01;19;38,6349
06;40000052;02;10;38,6349
06;40000055;01;9;115,3806
06;40000055;02;10;115,3806
06;40000057;01;20;65,2655
06;40000057;02;10;65,2655
06;40000059;01;20;59,8905
06;40000059;02;10;59,8905
06;40000064;01;5;33,5554
06;40000066;01;20;27,7338
06;40000066;02;10;27,7338
06;40000069;01;70;15,7591
06;40000070;01;6;23,5387
06;40000070;02;10;23,5387
06;40000071;01;17;29,9488
06;40000073;01;2;31,9981
06;40000073;02;10;31,9981
06;40000075;01;15;41,6352
06;40000075;02;10;41,6352
06;40000076;01;10;49,5964
06;41000013;02;1154;0,0463
06;41000014;02;642;0,044
06;41000016;01;4;2,162
06;41000017;01;5;2,1869
06;41000020;01;1,21;18,511
06;41000023;01;20;8,4929
06;41000024;01;55;32,2094
06;41000024;02;45;32,5411
06;41000025;02;25;23,8612
06;41000026;01;142;0,9094
06;41000026;02;200;0,9097
06;41000028;01;45;2,8947
06;41000028;02;100;2,8948
06;41000029;01;171;0,5646
06;41000029;02;500;0,563
06;41000031;01;90;5,0602
06;41000031;02;100;5,056
06;41000032;01;70;3,1223
06;41000033;01;40;4,7424
06;41000034;01;6;2,2823
06;41000034;02;60;2,2831
06;41000035;01;1;3,0903
06;41000061;01;404;12,3527
06;41000062;02;17;17,6675
06;41000063;01;1;22,664
06;41000063;02;19;22,664
06;41000075;01;16;17,4659
06;41000078;02;10;63,6806
06;41000079;01;16;55,5749
06;41000080;01;3;61,0956
06;41000080;02;10;61,0956
06;41000084;01;4;54,1558
06;41000084;02;20;54,1558
06;41000088;24;4;78,7962
06;41000089;01;1;89,3454
06;41000090;01;4;76,0989
06;41000090;02;10;75,3799
06;41000104;01;100;0,0242
06;41000104;02;2234;0,0242
06;41000105;01;1580;0,052
06;41000105;02;1510;0,052
06;41000106;01;266;0,0688
06;41000106;02;1941;0,0688
06;41000107;01;365;0,0916
06;41000107;02;1000;0,0916
06;41000108;01;128;0,1279
06;41000108;02;1000;0,1279
06;41000109;01;80;0,2559
06;41000109;02;1706;0,2231
06;41000110;01;26;0,3962
06;41000110;02;1208;0,3962
06;41000111;01;368;0,46
06;41000111;02;1123;0,46
06;41000112;01;200;0,5142
06;41000112;02;1471;0,5142
06;41000113;01;240;0,737
06;41000113;02;2418;0,737
06;46000016;01;1;643,9308
06;46000129;02;3;4430,1249
06;46000129;12;1;4430,1249
06;49000058;01;5;66,916
06;49000058;02;55;66,916
06;49000059;01;27;44,8577
06;49000059;02;30;44,8577
06;51000001;02;400;8,7909
06;51000002;02;400;9,009
06;51000003;02;400;10,7941
06;51000004;02;360;11,2064
06;51000005;02;400;8,0261
06;51000006;01;35;8,4633
06;51000006;02;340;8,4633
06;51000007;01;15;8,4025
06;51000007;02;380;8,4025
06;51000008;02;340;8,5476
06;51000011;02;320;7,7491
06;51000012;01;40;8,3316
06;51000012;02;360;8,3316
06;51000013;01;8;7,0846
06;51000013;02;360;7,0847
06;51000014;01;18;7,2226
06;51000014;02;320;7,2226
06;51000015;01;17;7,7567
06;51000015;02;180;7,7567
06;51000016;02;300;7,9449
06;51000018;01;17;6,7461
06;51000018;02;220;6,7461
06;51000019;01;34;7,8124
06;51000019;02;340;7,8124
06;51000020;01;40;8,1298
06;51000020;02;340;8,1298
06;51000021;01;8;6,9029
06;51000021;02;240;6,9027
06;51000022;01;10;7,1022
06;51000022;02;400;7,1022
06;51000023;02;108;7,1305
06;51000024;02;300;13,7635
06;51000025;01;15;6,9332
06;51000025;02;320;6,9332
06;51000026;02;340;6,841
06;51000027;02;400;16,1994
06;51000028;02;400;8,8197
06;51000034;01;19;14,51
06;51000035;01;23,5;20,6701
06;51000035;02;190;20,9404
06;51000036;01;65,5;21,2485
06;51000036;02;200;21,2485
06;51000039;01;19;7,7123
06;51000039;02;380;7,7123
06;51000040;02;420;7,4637
06;51000046;01;15;7,0531
06;51000046;02;380;7,0531
06;54000001;01;40;4,2408
06;54000002;01;32;8,1568
06;54000003;01;32;8,7974
06;54000004;01;19;6,5718
06;54000005;01;7;9,5746
06;54000006;01;28;10,6108
06;54000007;01;38;8,5887
06;54000008;01;49;13,9672
06;54000009;01;31;10,6075
06;54000010;01;20;18,7756
06;54000013;01;24;15,7775
06;54000014;01;10;32,6694
06;54000017;01;26;25,8948
06;54000019;01;18;48,7758
06;54000020;01;18;88,1488
06;54000022;01;34;18,6661
06;54000023;01;32;13,9145
06;54000025;01;12;98,7803
06;55000007;01;34,4;56,7382
06;55000008;01;35,2;86,5569
06;55000009;01;25;113,4854
06;55000011;01;25;44,1844
06;55000011;02;25;44,1844
06;55000012;01;2,5;80,3224
06;55000015;01;72;85,0827
06;55000015;02;25;85,0828
06;55000036;01;40;38,5572
06;55000039;01;28,3;57,8672
06;55000040;01;11;34,5966
06;55000041;01;1,2;79,6773
06;55000072;01;42,5;115,7344
06;55000087;01;31;142,6072
06;55000095;01;25,8;86,8008
06;55000096;01;17,9;39,6326
06;56000127;01;50;184,3916
06;56000169;01;1;289,9602
06;57000007;01;2;11,3583
06;57000007;02;48;11,3582
06;57000009;01;22;51,4235
06;57000009;02;516;51,4235
06;57000009;11;1;51,4235
06;57000009;24;4;51,4235
06;57000108;01;2;16,9292
06;57000108;50;76;16,9292
06;57000109;50;33;145,6086
06;57000110;02;20;35,5765
06;57000110;50;130;42,3168
06;57000111;50;78;18,9318
06;57000112;50;34;174,6406
06;57000113;50;128;49,9044
06;57000351;01;22;46,4094
06;57000351;02;104;46,5528
06;57000351;50;1;45,6233
06;57000352;01;40;15,1821
06;57000352;50;5;14,9007
06;57000353;24;3;175,1227
06;57000353;50;3;169,4015
06;57000354;24;2;49,0249
06;57000355;01;10;16,1102
06;57000355;24;1;15,5474
06;57000355;50;19;15,5472
06;57000356;24;1;190,9113
06;58000005;01;42;6,635
06;58000005;02;18;6,635
06;58000006;01;31;10,8223
06;58000006;02;24;10,8223
06;58000007;01;22;18,8732
06;58000007;02;36;18,8732
06;58000008;01;34;19,1058
06;58000008;02;24;19,1058
06;59000001;01;6;96,738
06;59000002;01;31;96,0287
06;59000003;01;23;74,2274
06;59000004;01;15;149,3549
06;59000005;01;48;155,4276
06;59000006;01;43;174,8891
06;59000007;01;60;108,4731
06;59000008;01;70;133,9984
06;59000009;01;41;87,6211
06;59000010;01;149;54,4151
06;59000011;01;152;56,3812
06;59000012;01;61;79,6171
06;59000015;01;4;261,5904
06;59000016;01;23;277,4275
06;59000017;01;27;317,2665
06;59000018;01;19;262,4478
06;59000022;01;109;70,2253
06;59000023;01;121;80,2425
06;59000024;01;209;81,0563
06;59000025;01;14;393,3411
06;59000026;01;14;480,5197
06;59000075;01;15;573,5548
06;70002695;01;1;434,5645
06;70002695;12;1;434,5645
06;70002701;01;2;1009,6947
06;70002701;12;2;1009,6947
06;70002702;01;21;490,4553
06;70002702;12;1;490,4553
06;70002703;12;2;1589,9816
06;70002704;02;17;1065,1058
06;70002705;01;18;504,0405
06;70002705;12;1;504,0405
06;70004247;01;3;1872
06;70004247;12;2;1872
06;70004249;01;2;1239,838
06;70004249;12;2;1239,838
